,acousticness,album,album_id,album_release,artist,danceability,energy,feature,key,loudness,tempo,track_id,track_name,valence,rank,percentile
0,0.47,GO:OD AM,2Tyx5dLhHYkx6zeAdVaTzN,2015-09-18,Mac Miller,0.843,0.435,Miguel,8,-8.442,120.058,6GnhWMhgJb7uyiiPEiEkDA,Weekend (feat. Miguel),0.19,1,19
1,0.0529,Dangerous Woman,3OZgEywV4krCZ814pTJWr7,2016-05-20,Ariana Grande,0.662,0.602,No Feature,4,-5.369,133.969,7l94dyN2hX9c6wWcZQuOGJ,Dangerous Woman,0.29,2,19
2,0.569,Liberated,18fTRuJJDlbhrl2SREyuJA,2018-06-08,DeJ Loaf,0.739,0.605,Leon Bridges,10,-3.632,127.0,5OQByVDbs9788HBRIBqgNW,Liberated,0.623,3,19
3,0.0155,A Moment Apart,3VzsvmhnUb9OZ59bq2aoNZ,2017-09-08,ODESZA,0.566,0.587,Leon Bridges,6,-5.96,82.046,4YaNLEPw3MrIgkGOkBrAh2,Across The Room (feat. Leon Bridges),0.246,4,19
4,0.0626,Caracal (Deluxe),08ipn1MH7xqgoqhUbtvCTy,2015-09-25,Disclosure,0.704,0.628,Lorde,10,-7.882,92.005,7nRmfGNhHKEEu5o8yFXLXt,Magnets,0.654,5,19
5,0.856,Purpose (Deluxe),6Fr2rQkZ383FcMqFyT7yPr,2015-11-13,Justin Bieber,0.607,0.376,No Feature,4,-9.954,102.541,50kpGaPAhYJ3sGmk6vplg0,Love Yourself,0.545,6,18
6,0.217,Wildheart (Deluxe Version),6W8ZsoinSMViZMh9aYK7gQ,2015-06-26,Miguel,0.696,0.834,No Feature,11,-5.359,107.994,7LP6AUTf4KD055DVxfBXOu,waves,0.279,7,18
7,0.169,Dangerous Woman,3OZgEywV4krCZ814pTJWr7,2016-05-20,Ariana Grande,0.813,0.456,No Feature,1,-7.667,108.801,6f5TuB9WtbA1g49A4DcMQ4,Be Alright,0.587,8,18
8,0.0712,Trigga Reloaded,3pKTKC0AAe3yTcXQLzvpSW,2015-06-23,Trey Songz,0.688,0.536,Ty Dolla $ign,2,-8.144,94.047,5VzHb4qg6PTzTosl3ckZ84,Dead Wrong (feat. Ty Dolla $ign),0.296,9,18
9,0.674,Late Nights: The Album,7DMyQuDPe8xzjC0UDSDa96,2015-12-04,Jeremih,0.65,0.557,J. Cole,1,-7.762,129.285,08zJpaUQVi9FrKv2e32Bah,Planez,0.4,10,18
10,0.266,Focus,3IGM1sXYke2UGII2DORrof,2015-10-30,Ariana Grande,0.681,0.879,No Feature,3,-6.006,99.955,1cdzfFjEbUbgTm5nv3FgXR,Focus,0.818,11,17
11,0.0758,Dirty Computer,2PjlaxlMunGOUvcRzlTbtE,2018-04-27,Janelle Monáe,0.922,0.485,Pharrell Williams,1,-7.259,120.156,5Yfq9uugLFchtFymQQWxgt,I Got The Juice (feat. Pharrell Williams),0.395,12,17
12,0.00853,Original Soundtrack from Season 1 of Empire (Deluxe),65nrMZ7EnJgYKeasDhRXTy,2015-03-09,Empire Cast,0.78,0.739,No Feature,7,-5.355,122.026,4jPYWplZcF6kAfHZ885EUS,You're So Beautiful (feat. Jussie Smollett and Yazz),0.704,13,17
13,0.482,KOD,4Wv5UAieM1LDEYVq5WmqDd,2018-04-20,J. Cole,0.829,0.527,No Feature,6,-6.644,116.078,6tZ3b7ik1QDXFAZlXib0YZ,Kevin’s Heart,0.473,14,17
14,0.0405,Trigga Reloaded,3pKTKC0AAe3yTcXQLzvpSW,2015-06-23,Trey Songz,0.813,0.58,Nicki Minaj,11,-6.724,100.045,4bkhs6spQvVnVJAlXuKR6a,"Touchin, Lovin (feat. Nicki Minaj)",0.443,15,17
15,0.0485,The Fix,3QyJvpZppP2jNp5yPYRPGJ,2015-08-14,Nelly,0.812,0.479,Jeremih,8,-6.47,95.505,33QRsLBBdWDYgCZfWEZqR6,The Fix,0.0873,16,16
16,0.043,Trigga Reloaded,3pKTKC0AAe3yTcXQLzvpSW,2015-06-23,Trey Songz,0.686,0.694,No Feature,8,-4.097,96.016,4TNTvPsMOQ6boWLTvxmQ95,Change Your Mind,0.577,17,16
17,0.192,Late Nights: The Album,7DMyQuDPe8xzjC0UDSDa96,2015-12-04,Jeremih,0.715,0.703,No Feature,5,-3.825,119.749,0PJIbOdMs3bd5AT8liULMQ,oui,0.596,18,16
18,0.33,AT.LONG.LAST.A$AP,3arNdjotCvtiiLFfjKngMc,2015-05-26,A$AP Rocky,0.653,0.71,No Feature,8,-8.444,122.044,3I8MbKRkS2IBDuslhCS3iT,Excuse Me,0.409,19,16
19,0.0263,Trigga Reloaded,3pKTKC0AAe3yTcXQLzvpSW,2015-06-23,Trey Songz,0.691,0.559,Ty Dolla $ign,8,-6.373,98.971,6cdMGLGp5unTMOf0l5AZxr,Loving You (feat. Ty Dolla $ign),0.492,20,16
20,0.0959,Red Pill Blues (Deluxe),3ThQ5dvf9wlqB0C7evh5nH,2018-06-15,Maroon 5,0.655,0.603,No Feature,8,-5.014,126.088,6AvfZXpbb6r35DfF7gHPRq,Wait,0.452,21,15
21,0.0144,Professional Rapper,5eLVoIPq7P3Bu29lVgD4x0,2015-07-31,Lil Dicky,0.8,0.656,No Feature,5,-5.874,119.921,0egGmGkZ8maYdEYo4RrVsZ,Lemme Freak,0.436,22,15
22,0.229,Pure Heroine (Extended),6rnzvZhe3PA57xKcKLRtJ6,2013-01-01,Lorde,0.792,0.492,No Feature,5,-7.295,92.027,2yrJ1jWo3HLksJFUqUsZE4,The Love Club,0.603,23,15
23,0.124,Late Nights: The Album,7DMyQuDPe8xzjC0UDSDa96,2015-12-04,Jeremih,0.802,0.412,Ty Dolla $ign,5,-5.963,89.546,3WjyiSbfR74pjWXQ3IaFKJ,Impatient,0.394,24,15
24,0.553,Late Nights: The Album,7DMyQuDPe8xzjC0UDSDa96,2015-12-04,Jeremih,0.888,0.516,No Feature,9,-4.802,127.979,0xrdZMsJIaxoTHAB4bvGnu,Pass Dat,0.23,25,15
25,0.0591,V,2Auw0pTT6EcQdvHNimhLQI,2015-05-15,Maroon 5,0.748,0.788,No Feature,1,-7.055,120.076,2iuZJX9X9P0GKaE93xcPjk,Sugar,0.884,26,14
26,0.0697,Post To Be (feat. Chris Brown & Jhene Aiko),4Dg6r2i58ftPdj3229uDrl,2014-11-11,Omarion,0.733,0.676,Chris Brown,10,-5.655,97.448,6p5abLu89ZSSpRQnbK9Wqs,Post To Be (feat. Chris Brown & Jhene Aiko),0.701,27,14
27,0.017,Lazy Fair,3FxhIYHnMRF3172VF5f5RR,2014-04-22,Bryce Vine,0.483,0.777,No Feature,4,-5.049,153.054,1Pyxh8ERS8aouSSOQVvVsz,Sour Patch Kids,0.572,28,14
28,0.222,SYRE,4IFpj2jyRcugt1yzH82m3E,2017-11-17,Jaden Smith,0.786,0.82,No Feature,9,-5.093,119.982,22nyEAEM29tcBRhukR089b,Icon,0.49,29,14
29,0.117,This Is America,7arx9qPJexCsDz67El4qvk,2018-05-06,Childish Gambino,0.854,0.463,No Feature,5,-6.159,120.024,0b9oOr2ZgvyQu88wzixux9,This Is America,0.549,30,14
30,0.0826,Born Sinner,1NfrmcXk8xNennyxQ57JcW,2013-06-14,J. Cole,0.547,0.747,No Feature,4,-8.597,83.295,1PQAocUDoT1Q90Sabu1MTu,Is She Gon Pop,0.216,31,13
31,0.0178,Late Registration,5ll74bqtkcXlKE7wwkMq4g,2005-09-30,Kanye West,0.851,0.682,Consequence,10,-6.114,92.732,5RjbFGeWVsCpw8EcE8OrvZ,Gone,0.332,32,13
32,0.0545,Santa Tell Me,27MNgBEnLCKoafz1g2Zu97,2014-11-24,Ariana Grande,0.506,0.628,No Feature,7,-7.316,191.708,0lizgQ7Qw35od7CYaoMBZb,Santa Tell Me,0.556,33,13
33,0.518,Pure Heroine (Extended),6rnzvZhe3PA57xKcKLRtJ6,2013-01-01,Lorde,0.504,0.469,No Feature,4,-9.349,127.965,0TEekvXTomKt3hdXDZxxeW,Ribs,0.04,34,13
34,0.00195,Trigga Reloaded,3pKTKC0AAe3yTcXQLzvpSW,2015-06-23,Trey Songz,0.575,0.658,Mila J,10,-6.776,106.82,3UCCHoBMji104tfjUJ5gHo,Disrespectful (feat. Mila J),0.204,35,12
35,0.679,Trigga Reloaded,3pKTKC0AAe3yTcXQLzvpSW,2015-06-23,Trey Songz,0.733,0.408,No Feature,7,-7.834,94.947,4NYwy0R3NdvORX2B6OZXBT,Slow Motion,0.291,36,12
36,0.0649,X (Deluxe Version),4yOWnTrCkOOpl4IiVnpj3H,2014-09-12,Chris Brown,0.709,0.638,Usher,1,-4.3,141.994,3nw9J97nUugT84SIJdjhAV,New Flame,0.468,37,12
37,0.445,Summertime '06,4Csoz10NhNJOrCTUoPBdUD,2015-06-30,Vince Staples,0.915,0.54,No Feature,7,-6.578,100.039,4uQ7wYsuL0DryknoDc11Hk,Norf Norf,0.111,38,12
38,0.0172,St. Elsewhere,7p2aWivr9OLXocSTTKtG9B,2006-05-02,Gnarls Barkley,0.835,0.741,No Feature,8,-1.609,111.963,2N5zMZX7YeL1tico8oQxa9,Crazy,0.612,39,12
39,0.249,Oh Wonder,37ABUtLPqktcopsBJ7jmXT,2015-09-04,Oh Wonder,0.636,0.485,No Feature,11,-7.138,86.979,0IVHlst3XMgzXUJbIyZ8oO,Without You,0.266,40,11
40,0.451,Coming Home,4svLfrPPk2npPVuI4kXPYg,2015-06-15,Leon Bridges,0.639,0.468,No Feature,5,-8.329,97.53,2wSJEsk3c0E1ZXYRwgNQoR,Pull Away,0.42,41,11
41,0.461,Coming Home,4svLfrPPk2npPVuI4kXPYg,2015-06-15,Leon Bridges,0.427,0.465,No Feature,6,-6.595,112.137,5EA06TsQmqmQXZiEhr1AaM,Coming Home,0.458,42,11
42,0.00487,Back 2 Life,1fOIkbQO1zU1rO3GLIGJBH,2013-09-10,Sean Kingston,0.477,0.637,Chris Brown,1,-5.386,198.12,3bwCMbwDZVtvJDnUTQIdCX,Beat It,0.555,43,11
43,0.326,Hell Can Wait,7mxpMxmMM8RN39YRlo08v7,2014-09-23,Vince Staples,0.484,0.732,Teyana Taylor,11,-5.866,176.084,5nFur5SMzdpP4obWLrBFD3,Limos,0.548,44,11
44,0.0544,Bad (Remastered),3Us57CjssWnHjTUIXBuIeH,1987-08-31,Michael Jackson,0.877,0.854,No Feature,1,-4.523,114.472,76HKOVWqsEg26SECtmw7Rz,The Way You Make Me Feel - 2012 Remaster,0.54,45,10
45,0.367,Trigga Reloaded,3pKTKC0AAe3yTcXQLzvpSW,2015-06-23,Trey Songz,0.693,0.489,No Feature,0,-7.022,119.976,6fmDdFyME92bE1TqQZfUyI,Serve It Up,0.325,46,10
46,0.00589,To Pimp A Butterfly,7ycBtnsMtyVbbwTfJwRjSP,2015-03-16,Kendrick Lamar,0.884,0.657,No Feature,6,-4.569,107.059,0N3W5peJUQtI4eyR6GJT5O,King Kunta,0.489,47,10
47,0.0536,The Best of Nelly Furtado (Deluxe),0KuwW8qW9a0oKhuxydvMvk,2010-01-01,Nelly Furtado,0.807,0.97,Timbaland,10,-6.056,114.297,3SwlakM6VX47IwG0Wll5ek,Promiscuous,0.876,48,10
48,0.93,Christmas & Chill,6yi7FjzeCHGVJJAdWRYAmk,2015-12-18,Ariana Grande,0.639,0.219,No Feature,0,-10.204,74.739,1jhljxXlHw8K9rezXKrnow,Winter Things,0.797,49,10
49,0.0206,Sexual Eruption,6RU7Qo0oVDHePofiPH9GXZ,2008-01-01,Snoop Dogg,0.864,0.607,R. Kelly,9,-4.891,82.048,3J58iVk8OXYAGG4YvOKG8u,That's That Shit,0.747,50,9
50,0.0235,Underground Luxury,177byugYOk12NcfRtWvghY,2013-12-16,B.o.B,0.779,0.636,Chris Brown,1,-6.854,122.002,4sqGJ5eumHKXrS7AGf5p7J,Throwback (feat. Chris Brown),0.183,51,9
51,0.4,Title (Deluxe),5W98Ab4VvQEuFEE4TIe5fE,2015-01-09,Meghan Trainor,0.63,0.53,John Legend,0,-7.259,108.038,2YlZnw2ikdb837oKMKjBkW,Like I'm Gonna Lose You,0.417,52,9
52,0.229,Beyond,0Nu4xhj7NxdUiL0eMy9yoQ,2018-04-20,Leon Bridges,0.58,0.687,No Feature,6,-5.4,76.014,5esPpmrM2AsyDVgOKzWQwU,Beyond,0.187,53,9
53,0.323,ANTI,3Q149ZH46Z0f3oDR7vlDYV,2016-01-28,Rihanna,0.685,0.61,No Feature,0,-5.221,94.384,6KFaHC9G178beAp7P0Vi5S,Desperado,0.323,54,9
54,0.753,Oh Wonder,37ABUtLPqktcopsBJ7jmXT,2015-09-04,Oh Wonder,0.521,0.426,No Feature,6,-8.79,80.367,3X3mfRMRaPJRiIMDMQtSkd,Landslide,0.302,55,8
55,0.146,Fetty Wap (Deluxe),2gKQvajkEEaDtkqJ8FJ4uw,2015-09-25,Fetty Wap,0.778,0.577,Monty,4,-5.313,123.977,4STnruOS34o1TIMxi9p6KF,Time (feat. Monty),0.547,56,8
56,0.0101,The Hunger Games: Mockingjay PT. 1 (Original Motion Picture Soundtrack),1K1uDn8Y3JPcz3oxJa0lHF,2014-12-18,Major Lazer,0.66,0.818,Ariana Grande,5,-4.7,115.054,5LA9p0oPpk989CMZnfQ5b7,All My Love,0.295,57,8
57,0.00487,PRISM (Deluxe),5MQBzs5YlZlE28mD9yUItn,2013-01-01,Katy Perry,0.554,0.772,No Feature,7,-4.821,179.984,6F5c58TMEs1byxUstkzVeM,Roar,0.455,58,8
58,0.0228,X (Deluxe Version),4yOWnTrCkOOpl4IiVnpj3H,2014-09-12,Chris Brown,0.845,0.506,Lil Wayne,1,-5.971,99.051,7kqcudBGM74MXVoYMaoWkC,Loyal,0.647,59,8
59,0.0162,Dangerous Woman,3OZgEywV4krCZ814pTJWr7,2016-05-20,Ariana Grande,0.623,0.734,No Feature,9,-5.95,107.853,2meEiZKWkiN28gITzFwQo5,Into You,0.372,60,7
60,0.224,Professional Rapper,5eLVoIPq7P3Bu29lVgD4x0,2015-07-31,Lil Dicky,0.738,0.709,T-Pain,5,-4.87,95.945,5NLT6uux4omoMlIFlBxRSI,Personality (feat. T Pain),0.832,61,7
61,0.669,Coming Home,4svLfrPPk2npPVuI4kXPYg,2015-06-15,Leon Bridges,0.487,0.491,No Feature,0,-10.24,129.709,1jGAGf2ne3NETK4mb23Hnx,Shine,0.482,62,7
62,0.358,Indicud,5svfcB1dHyUWTWlhb4TihU,2013-01-01,Kid Cudi,0.655,0.913,HAIM,11,-5.885,96.135,46o1wwml89DC8ViehyeXcK,Red Eye,0.631,63,7
63,0.0302,Turtleneck & Chain,1GteZP4wydggKLz44CFXyE,2011-01-01,The Lonely Island,0.755,0.732,Justin Timberlake,2,-5.375,131.225,6GREc8IsQxd9mvqpU5d5kf,Motherlover - Album Versions,0.582,64,7
64,0.0599,Summer In The Winter,6uG9BscYmPnAbtl6Cy9u91,2015-12-25,Kid Ink,0.797,0.469,Fetty Wap,8,-8.112,103.057,5IZc3KIVFhjzJ0L2kiXzUl,Promise,0.481,65,6
65,0.0954,ye,5EBGCvO6upi3GNknMVe9x9,2018-06-01,Kanye West,0.572,0.543,PARTYNEXTDOOR,7,-4.251,83.364,6Bg7MznA9X0dIhlAsLyBYj,Ghost Town,0.329,66,6
66,0.346,GO:OD AM,2Tyx5dLhHYkx6zeAdVaTzN,2015-09-18,Mac Miller,0.756,0.523,No Feature,8,-6.321,120.025,19CkkPInDRDIOlqfrz1mVn,Ascension,0.34,67,6
67,0.574,Rapper's Delight,62On5bjWyNy2EDf6bztfW0,1979,The Sugarhill Gang,0.872,0.857,No Feature,9,-7.287,111.01,1qb27ZTsi0gVxHteAjPOyD,Rapper's Delight - Long Version,0.925,68,6
68,0.179,The Predator,71HM1CMYWeZzws8pyiEn46,1992-11-17,Ice Cube,0.851,0.796,No Feature,1,-3.287,101.068,2Q21T7gfWltYB592v39re5,Check Yo Self,0.789,69,5
69,0.485,Wildheart (Deluxe Version),6W8ZsoinSMViZMh9aYK7gQ,2015-06-26,Miguel,0.649,0.749,No Feature,6,-6.454,100.995,5WIcg3ItGo5xCe8ExcY9Ax,what's normal anyway,0.343,70,5
70,0.553,2014 Forest Hills Drive,7viNUmZZ8ztn2UB4XB3jIL,2014-12-09,J. Cole,0.559,0.556,No Feature,6,-7.844,189.861,7lL3MvFWFFSD25pBz72Agj,A Tale of 2 Citiez,0.362,71,5
71,0.371,GO:OD AM,2Tyx5dLhHYkx6zeAdVaTzN,2015-09-18,Mac Miller,0.735,0.749,No Feature,10,-3.766,93.718,4z0PnuB07fxtVZZRWsCfxb,100 Grandkids,0.373,72,5
72,0.205,I Don't Mind,5BAqg5IJQ7XFKfdoCiOlJw,2014-11-21,Usher,0.87,0.464,Juicy J,4,-8.337,112.974,7aXuop4Qambx5Oi3ynsKQr,I Don't Mind,0.457,73,5
73,0.1,Christmas Kisses,5MfeQZrrNfMqcaq03U9qOr,2013-01-01,Ariana Grande,0.563,0.93,No Feature,11,-3.441,180.017,25tkPPlBrYCXkSIAASibtL,Love Is Everything,0.826,74,4
74,0.00175,Return To Cookie Mountain,7xn8nwwutlJFMb7Zf9NEHi,2006-01-01,TV On The Radio,0.22,0.8,No Feature,7,-5.11,176.047,03wKMRNYVvw6s9nm4I4jUS,Wolf Like Me,0.213,75,4
75,0.0959,Trigga Reloaded,3pKTKC0AAe3yTcXQLzvpSW,2015-06-23,Trey Songz,0.582,0.564,No Feature,0,-4.066,204.002,2ssYQKMqVUkoQgi02PmDPB,About You,0.718,76,4
76,0.369,See You Again (feat. Charlie Puth),5FXIqS1XqbpfOKNoi5VUwS,2015,Wiz Khalifa,0.689,0.481,Charlie Puth,10,-7.503,80.025,2JzZzZUQj3Qff7wapcbKjc,See You Again (feat. Charlie Puth),0.283,77,4
77,0.219,Coming Home,4svLfrPPk2npPVuI4kXPYg,2015-06-15,Leon Bridges,0.395,0.746,No Feature,7,-4.938,188.267,3kguMbJma0qhOLniGsFlKq,Better Man,0.671,78,4
78,0.0717,ANTI,3Q149ZH46Z0f3oDR7vlDYV,2016-01-28,Rihanna,0.509,0.637,No Feature,4,-4.83,172.006,2aksifNn5ph8igDOkPBA02,Love On The Brain,0.378,79,3
79,0.0274,BUSH,3UesepjW7Scwi8DV62Qqyn,2015-05-06,Snoop Dogg,0.832,0.756,Charlie Wilson,0,-5.332,110.034,4lcpWCMFXNhvqNIQhB6yDv,Peaches N Cream,0.282,80,3
80,0.0513,GO:OD AM,2Tyx5dLhHYkx6zeAdVaTzN,2015-09-18,Mac Miller,0.837,0.699,No Feature,10,-4.301,124.04,4lIVN4LUJCmweoGJmk6hK9,When In Rome,0.216,81,3
81,0.165,The Gold Album: 18th Dynasty,5C6Le181K769lhC5GRZrE5,2015-06-30,Tyga,0.638,0.707,No Feature,0,-6.522,104.939,23ZH3XLCaLjJawMhZwePHS,Hard For You,0.397,82,3
82,0.302,2014 Forest Hills Drive,7viNUmZZ8ztn2UB4XB3jIL,2014-12-09,J. Cole,0.696,0.521,No Feature,10,-8.465,100.0,62vpWI1CHwFy7tMIcSStl8,No Role Modelz,0.458,83,3
83,0.413,Coming Home,4svLfrPPk2npPVuI4kXPYg,2015-06-15,Leon Bridges,0.641,0.721,No Feature,11,-6.788,67.055,3JbqwFY5q0ORO3siv5zL3A,Smooth Sailin',0.753,84,2
84,0.0511,Invasion of Privacy,4KdtEKjY3Gi0mKiSdy96ML,2018-04-06,Cardi B,0.968,0.589,Migos,11,-7.808,129.993,2qcG0nZ6S3zZV0UrkY5nFo,Drip (feat. Migos),0.268,85,2
85,0.0215,R.I.P.,1LNt50HaTc2VKkIAHi6xfl,2013-02-05,Jeezy,0.825,0.489,2 Chainz,11,-9.32,96.99,2JJ5h2I1S0UR4tyD0U1I7K,R.I.P.,0.438,86,2
86,0.119,Classic Man (Remix),0b2j47HuTRqlzvROQktVtg,2015-06-22,Jidenna,0.851,0.657,Kendrick Lamar,2,-5.161,94.036,530J9GupahE2O4a1iVkQxB,Classic Man - Remix,0.644,87,2
87,0.0865,Purpose (Deluxe),6Fr2rQkZ383FcMqFyT7yPr,2015-11-13,Justin Bieber,0.605,0.768,No Feature,0,-3.724,100.209,09CtPGIpYB4BrO8qb1RGsF,Sorry,0.414,88,2
88,0.171,Back For The First Time,2kT80DHqRtHQzDhQ2RCoIV,2000-01-01,Ludacris,0.914,0.813,Shawnna,9,-3.607,140.089,4LwOrnuxJwR7C5Sw4liY4Z,What's Your Fantasy (Featuring Shawna),0.962,89,1
89,0.529,In The Lonely Hour,08jWgM4vSkTose4blKBWov,2014-01-01,Sam Smith,0.677,0.485,No Feature,5,-5.795,82.001,7795WJLVKJoAyVoOtCWqXN,I'm Not The Only One,0.493,90,1
90,0.176,The Mixtape About Nothing,5vsqzCBriQGiXMxlLFe1Za,2008-08-19,Wale,0.804,0.509,No Feature,8,-13.088,90.02,71o1EHEs0MLBK8PlkOcp9I,The Opening Title Sequence,0.676,91,1
91,0.133,Street Love,6Lq7nLkIq7C0zVJp0OGSGO,2007-01-01,Lloyd,0.825,0.909,No Feature,5,-4.009,128.003,2a03afRiyAbNAleOByVju4,Get It Shawty - Main,0.625,92,1
92,0.0159,Empire: The Complete Season 2,6a8QoPtjLmncBTWVixRVaq,2016-07-08,Empire Cast,0.817,0.767,Terrence Howard,9,-6.474,97.979,2Mp5gFOvJpHg7xTUisrNno,Boom Boom Boom Boom,0.358,93,1
93,0.0275,Cream On Chrome,3RGtHyDiOrog7uzkhPYa4I,2015-04-13,Ratatat,0.79,0.692,No Feature,7,-4.704,100.264,34v7Zs9a64h1xC3PWrmypP,Cream On Chrome,0.82,94,0
94,0.0205,V,2Auw0pTT6EcQdvHNimhLQI,2015-05-15,Maroon 5,0.742,0.713,No Feature,1,-5.522,120.032,4gbVRS8gloEluzf0GzDOFc,Maps,0.879,95,0
95,0.11,ANTI,3Q149ZH46Z0f3oDR7vlDYV,2016-01-28,Rihanna,0.671,0.314,No Feature,5,-8.091,110.898,1Tt4sE4pXi57mTD1GCzsqm,Needed Me,0.296,96,0
96,0.0891,Playlist: The Very Best Of Bow Wow,1dQGXePMNkrSavN2pxF48a,2000,Bow Wow,0.763,0.629,Chris Brown,7,-8.66,142.149,4F55RCGuM477OjznpYGhYz,Shortie Like Mine,0.709,97,0
97,0.34,Funk Wav Bounces Vol.1,2HaqChIDc5go3qxVunBDK0,2017-06-30,Calvin Harris,0.784,0.728,Young Thug,0,-4.549,110.165,60APt5N2NRaKWf5xzJdzyC,Heatstroke,0.713,98,0
0,0.0393,The Miseducation of Lauryn Hill,1BZoqf8Zje5nGdwZhOjAtD,1998-08-25,Ms. Lauryn Hill,0.535,0.505,No Feature,2,-8.926,99.935,0uEp9E98JB5awlA084uaIg,Doo Wop (That Thing),0.495,1,19
1,0.239,Summer: The Original Hits,2TNGyJVlzMUsD5mry6qsw2,2018-04-20,Donna Summer,0.691,0.934,Brooklyn Dreams,8,-3.993,131.969,3AUbB5IqApnPB033aJ3Fbo,Heaven Knows,0.735,2,19
2,0.482,KOD,4Wv5UAieM1LDEYVq5WmqDd,2018-04-20,J. Cole,0.829,0.527,No Feature,6,-6.644,116.078,6tZ3b7ik1QDXFAZlXib0YZ,Kevin’s Heart,0.473,3,19
3,0.54,Swimming,5wtE5aLX5r7jOosmPhJhhk,2018-08-03,Mac Miller,0.791,0.557,No Feature,7,-9.622,119.973,2JmFRXaJrkAUD2cs6U20KG,Jet Fuel,0.284,4,19
4,0.0557,Aquemini,5rAKpmOCOjMwkMjBpTGVQw,1998-09-29,OutKast,0.817,0.787,No Feature,7,-5.491,103.899,1F3Y21MShhz91pGGr7Avt9,Da Art of Storytellin' (Pt. 1),0.412,5,19
5,0.0502,The Low End Theory,1p12OAWwudgMqfMzjMvl2a,1991-09-24,A Tribe Called Quest,0.881,0.361,No Feature,11,-14.728,96.43,4HfxDJ0uLHTLe0fZrx0MbQ,Check the Rhime,0.799,6,18
6,0.736,Swimming,5wtE5aLX5r7jOosmPhJhhk,2018-08-03,Mac Miller,0.759,0.492,No Feature,1,-10.338,104.974,2dgrYdgguVZKeCsrVb9XEs,What's the Use?,0.561,7,18
7,0.818,Swimming,5wtE5aLX5r7jOosmPhJhhk,2018-08-03,Mac Miller,0.656,0.33,No Feature,8,-8.771,119.057,16umSNZfofRpDqTvf8DIAo,Wings,0.349,8,18
8,0.768,Swimming,5wtE5aLX5r7jOosmPhJhhk,2018-08-03,Mac Miller,0.622,0.229,No Feature,1,-11.322,81.87,3YnwIp2b99p3e5dsFTXIIx,Dunno,0.0998,9,18
9,0.883,?,2Ti79nwTsont5ZHfdxIzAm,2018-03-16,XXXTENTACION,0.669,0.308,No Feature,11,-10.068,64.934,7AFASza1mXqntmGtbxXprO,changes,0.52,10,18
10,0.89,Swimming,5wtE5aLX5r7jOosmPhJhhk,2018-08-03,Mac Miller,0.272,0.238,No Feature,2,-12.148,83.507,01z2fBGB8Hl3Jd3zXe4IXR,Come Back to Earth,0.119,11,17
11,0.569,Liberated,18fTRuJJDlbhrl2SREyuJA,2018-06-08,DeJ Loaf,0.739,0.605,Leon Bridges,10,-3.632,127.0,5OQByVDbs9788HBRIBqgNW,Liberated,0.623,12,17
12,0.0954,ye,5EBGCvO6upi3GNknMVe9x9,2018-06-01,Kanye West,0.572,0.543,PARTYNEXTDOOR,7,-4.251,83.364,6Bg7MznA9X0dIhlAsLyBYj,Ghost Town,0.329,13,17
13,0.233,ASTROWORLD,41GuZcammIkupMPKH2OJ6I,2018-08-03,Travis Scott,0.605,0.404,No Feature,5,-5.918,140.097,7KZ5MMVgBVox9ycroB2UrI,CAROUSEL,0.149,14,17
14,0.0489,Creep (The Four Performance),1lo6xWACROyUqm9jqNuaH7,2018-02-09,VINCINT,0.131,0.71,No Feature,10,-5.566,179.359,6x99an9ChMTqfp7HBlx1NC,Creep - The Four Performance,0.143,15,17
15,0.00556,The Thrill Of It All (Special Edition),3XftSbguntyRTBQaGItmfK,2017-11-03,Sam Smith,0.517,0.648,No Feature,5,-7.692,169.745,7HwcH5CiJzuUzspuOqOJQa,"Baby, You Make Me Crazy",0.541,16,16
16,0.0172,St. Elsewhere,7p2aWivr9OLXocSTTKtG9B,2006-05-02,Gnarls Barkley,0.835,0.741,No Feature,8,-1.609,111.963,2N5zMZX7YeL1tico8oQxa9,Crazy,0.612,17,16
17,0.000282,DAMN.,4eLPsYPBmXABThSJ821sqY,2017-04-14,Kendrick Lamar,0.908,0.621,No Feature,1,-6.638,150.011,7KXjTSCq5nL1LoYtL7XAwS,HUMBLE.,0.421,18,16
18,0.0381,Tremaine The Album,5gQtvMHA7yqdzKXrHpe63C,2017-03-24,Trey Songz,0.708,0.612,No Feature,5,-6.379,139.913,1HOUzEsetdIPSpAgRPhZQt,Nobody Else But You,0.263,19,16
19,0.709,The Thrill Of It All (Special Edition),3XftSbguntyRTBQaGItmfK,2017-11-03,Sam Smith,0.416,0.193,No Feature,9,-10.394,81.16,5UFvcTCbp9P057YbRNsJ3U,Palace,0.279,20,16
20,0.824,K.T.S.E.,0mwf6u9KVhZDCNVyIi6JuU,2018-06-23,Teyana Taylor,0.696,0.463,Kanye West,7,-8.562,81.35,6NqbN00vLmWfrQSx2wjD4z,Hurry,0.53,21,15
21,0.948,The Divine Feminine,6f6tko6NWoH00cyFOl4VYQ,2016-09-16,Mac Miller,0.465,0.225,Bilal,4,-12.637,57.75,1OubIZ0ARYCUq5kceYUQiO,Congratulations (feat. Bilal),0.207,22,15
22,0.00185,Art Angels,5hB4jVN4ZHpubyiMmW81K1,2015-11-06,Grimes,0.468,0.647,No Feature,6,-7.966,203.86,3zxqTbepxLQesm41y2NoE4,California,0.466,23,15
23,0.367,Swimming,5wtE5aLX5r7jOosmPhJhhk,2018-08-03,Mac Miller,0.52,0.538,No Feature,1,-8.109,141.894,5bJ1DrEM4hNCafcDd1oxHx,Self Care,0.177,24,15
24,0.43,Camila,2vD3zSQr8hNlg0obNel4TE,2018-01-12,Camila Cabello,0.737,0.697,No Feature,8,-5.31,94.101,5xi2SXmF3A5AIsuGXiUIZu,Inside Out,0.655,25,15
25,0.00599,ASTROWORLD,41GuZcammIkupMPKH2OJ6I,2018-08-03,Travis Scott,0.489,0.768,No Feature,8,-3.496,150.003,7wBJfHzpfI3032CSD7CE2m,STARGAZING,0.0567,26,14
26,0.173,People's Instinctive Travels and the Paths of Rhythm (25th Anniversary Edition),3kV0i1qqudjf0PGawJ4jck,1990,A Tribe Called Quest,0.848,0.666,No Feature,0,-6.547,96.662,3Ti0GdlrotgwsAVBBugv0I,Can I Kick It?,0.744,27,14
27,0.0266,Either Way (feat. Chris Brown),1TjZSZX2RNTZGJq17bM593,2017-09-15,K. Michelle,0.839,0.403,Chris Brown,1,-7.49,134.133,47Ylu4dSO0p96h9rpUMJfL,Either Way (feat. Chris Brown),0.387,28,14
28,0.402,STAY HOME TAPES (= --__-- =),0LeXQyrzNvcgAOztFEtOsp,2018-04-05,Snakehips,0.826,0.634,Jeremih,0,-4.0,147.996,7mOVlQvpqrji4h2CsNWFYk,For the F^_^k Of It,0.778,29,14
29,0.374,ye,5EBGCvO6upi3GNknMVe9x9,2018-06-01,Kanye West,0.665,0.417,No Feature,1,-6.731,110.111,2VYb3Fb5iK5Y8HGZ8oEEkp,Violent Crimes,0.04,30,14
30,0.0742,To Pimp A Butterfly,7ycBtnsMtyVbbwTfJwRjSP,2015-03-16,Kendrick Lamar,0.796,0.766,No Feature,7,-5.974,110.034,3iVcZ5G6tvkXZkZKlMpIUs,Alright,0.558,31,13
31,0.339,Light of Mine,2c1ipXPsfn6ylm6PrQNuDU,2018-05-18,KYLE,0.689,0.584,Kehlani,1,-5.768,156.572,4F1yvJfQ7gJkrcgFJQDjOr,Playinwitme (feat. Kehlani),0.676,32,13
32,0.0463,Exclusive,5t7BjMUC2HXa5cWDOWmnVg,2007-11-01,Chris Brown,0.738,0.673,T-Pain,10,-3.377,140.068,544wx7ulaLbPEecrnYr5uZ,Kiss Kiss (feat. T-Pain),0.565,33,13
33,0.101,ASTROWORLD,41GuZcammIkupMPKH2OJ6I,2018-08-03,Travis Scott,0.691,0.722,No Feature,0,-4.053,160.038,58TaFP5j5i9swOf584yon2,HOUSTONFORNICATION,0.26,34,13
34,0.21,KOD,4Wv5UAieM1LDEYVq5WmqDd,2018-04-20,J. Cole,0.831,0.782,No Feature,0,-6.274,141.869,7yotKA30dwTKNEGomV9ZsI,KOD,0.199,35,12
35,0.653,Only The Poets Mixtape (Vol. 1),2KjK2W2EFrzLF3iTRWnKlJ,2014-07-29,Marc E. Bassy,0.738,0.443,Kehlani,5,-9.614,127.084,6uT9XRrPvimLt62FNjMNBv,Lock It Up (feat. Kehlani),0.687,36,12
36,0.236,Swimming,5wtE5aLX5r7jOosmPhJhhk,2018-08-03,Mac Miller,0.802,0.463,No Feature,8,-8.379,103.961,39NDBdU5Xkm5pCFGa5kZtI,Ladders,0.291,37,12
37,0.0491,Face Your Fear,3Can2qB9S1pOcElpkfExB1,2017-10-27,Curtis Harding,0.713,0.8,No Feature,7,-5.938,139.942,3zYQ1KXzqBWRsxIqdVMoYF,Need Your Love,0.814,38,12
38,0.0903,Bizarre Ride II The Pharcyde,48kU5gP41TqZEw32Cwhsna,1992-11-24,The Pharcyde,0.759,0.756,No Feature,4,-8.145,87.059,4G3dZN9o3o2X4VKwt4CLts,Passin' Me By,0.613,39,12
39,0.367,Self Care,0VXk5mqwV1Wf8DOoTD4Syd,2018-07-13,Mac Miller,0.52,0.538,No Feature,1,-8.109,141.894,4c00fD972rl8ubRxZnyI2B,Self Care,0.177,40,11
40,0.196,Nomads,2sm41lIWrHo6G5tkcKmcRA,2016-11-25,No Wyld,0.823,0.442,No Feature,6,-8.664,99.995,0CV8u1K2Q4nhBvqqTWykw4,Grown Up,0.319,41,11
41,0.013,24K Magic,4PgleR09JVnm3zY1fW3XBA,2016-11-17,Bruno Mars,0.853,0.56,No Feature,1,-4.961,134.066,0KKkJNfGyhkQ5aFogxQAPU,That's What I Like,0.86,42,11
42,0.0252,Painting Pictures,5mG8oNkNKM2my7t9ywra96,2017-03-31,Kodak Black,0.806,0.77,No Feature,1,-6.464,152.094,0bXFIF7iL17TYLyx8JHziM,Patty Cake,0.406,43,11
43,0.188,ASTROWORLD,41GuZcammIkupMPKH2OJ6I,2018-08-03,Travis Scott,0.71,0.481,No Feature,4,-5.423,140.0,11kDth1aKUEUMq9r1pqyds,5% TINT,0.0631,44,11
44,0.33,AT.LONG.LAST.A$AP,3arNdjotCvtiiLFfjKngMc,2015-05-26,A$AP Rocky,0.653,0.71,No Feature,8,-8.444,122.044,3I8MbKRkS2IBDuslhCS3iT,Excuse Me,0.409,45,10
45,0.137,ASTROWORLD,41GuZcammIkupMPKH2OJ6I,2018-08-03,Travis Scott,0.7,0.462,No Feature,4,-8.111,151.902,4MXhiYIRDMGAuvZc5IFTwC,ASTROTHUNDER,0.284,46,10
46,0.22,LONG.LIVE.A$AP (Deluxe Version),1E1eyI5uGllppJZCxNoF9w,2013-01-11,A$AP Rocky,0.68,0.843,No Feature,1,-4.919,81.958,4go2hxLM6ijk0K76ZY0Nhd,Goldie,0.743,47,10
47,0.736,What's the Use?,0ppUC3Jf1kIDvOZsxCYpEe,2018-07-23,Mac Miller,0.759,0.492,No Feature,1,-10.338,104.974,5fyqqaqTmcNDixYABJO99I,What's the Use?,0.561,48,10
48,0.00158,"Huncho Jack, Jack Huncho",6FED8aeieEnUWwQqAO9zT1,2017-12-21,Huncho Jack,0.737,0.737,Travis Scott,4,-3.72,134.066,7J6bnDDitOwfelaJNixHhL,Modern Slavery,0.5,49,10
49,0.812,Swimming,5wtE5aLX5r7jOosmPhJhhk,2018-08-03,Mac Miller,0.576,0.556,No Feature,0,-6.474,148.173,0EA2RhRHL4KWeNa7JfD1Yw,So It Goes,0.294,50,9
50,0.171,Shine,5y4Ikuc4sLtNOpanoKKqwo,2008-03-28,Estelle,0.727,0.729,Kanye West,0,-2.99,117.932,22UDw8rSfLbUsaAGTXQ4Z8,American Boy,0.512,51,9
51,0.222,Birds In The Trap Sing McKnight,42WVQWuf1teDysXiOupIZt,2016-09-16,Travis Scott,0.396,0.554,No Feature,0,-5.048,117.384,2Zy7XVdxyZQB8xp5xbpJdl,way back,0.17,52,9
52,0.451,Camila,2vD3zSQr8hNlg0obNel4TE,2018-01-12,Camila Cabello,0.569,0.649,No Feature,11,-8.175,108.77,2gxqozTaq2NYylvS8jd57G,Into It,0.441,53,9
53,0.0788,Red Pill Blues (Deluxe),3ThQ5dvf9wlqB0C7evh5nH,2018-06-15,Maroon 5,0.799,0.597,SZA,5,-5.131,110.001,2j5hsQvApottzvTn4pFJWF,What Lovers Do (feat. SZA),0.419,54,9
54,0.343,Swimming,5wtE5aLX5r7jOosmPhJhhk,2018-08-03,Mac Miller,0.69,0.462,No Feature,8,-8.054,157.655,5p7GiBZNL1afJJDUrOA6C8,Hurt Feelings,0.325,55,8
55,0.445,Summertime '06,4Csoz10NhNJOrCTUoPBdUD,2015-06-30,Vince Staples,0.915,0.54,No Feature,7,-6.578,100.039,4uQ7wYsuL0DryknoDc11Hk,Norf Norf,0.111,56,8
56,0.21,Camila,2vD3zSQr8hNlg0obNel4TE,2018-01-12,Camila Cabello,0.425,0.548,No Feature,7,-6.762,175.756,1GO9vCm5Cra5uWGSWQ5mGK,In the Dark,0.282,57,8
57,0.0107,DROGAS Light,2utMSPHiSIHEg2vb9awgDi,2017-02-10,Lupe Fiasco,0.913,0.646,No Feature,0,-6.848,114.965,1q1ds5yuwDOZIdoRLy1yHd,Dopamine Lit (Intro),0.611,58,8
58,0.184,Camila,2vD3zSQr8hNlg0obNel4TE,2018-01-12,Camila Cabello,0.765,0.523,Young Thug,2,-4.333,104.988,1rfofaqEpACxVEHIZBJe6W,Havana,0.394,59,8
59,0.191,ASTROWORLD,41GuZcammIkupMPKH2OJ6I,2018-08-03,Travis Scott,0.745,0.645,No Feature,11,-5.113,149.068,20MuVazoNMv6xjKPnRFOxG,WAKE UP,0.476,60,7
60,0.222,SYRE,4IFpj2jyRcugt1yzH82m3E,2017-11-17,Jaden Smith,0.786,0.82,No Feature,9,-5.093,119.982,22nyEAEM29tcBRhukR089b,Icon,0.49,61,7
61,0.00299,Culture II,7fd7SEK25VS3gJAUgSwL6y,2018-01-26,Migos,0.815,0.816,No Feature,2,-5.474,181.967,2UVbBKQOdFAekPTRsnkzcf,Stir Fry,0.498,62,7
62,0.388,ASTROWORLD,41GuZcammIkupMPKH2OJ6I,2018-08-03,Travis Scott,0.754,0.609,No Feature,0,-5.976,149.843,4SZepBIPDRwPaHIjAKwRDb,R.I.P. SCREW,0.563,63,7
63,0.393,True to Self,7nn2Iaphg0Vc1NCGULkhVo,2017-05-26,Bryson Tiller,0.646,0.756,No Feature,9,-9.017,193.881,5GG3knKdxKWrNboRijxeKF,Run Me Dry,0.596,64,7
64,0.00826,The Divine Feminine,6f6tko6NWoH00cyFOl4VYQ,2016-09-16,Mac Miller,0.836,0.67,Anderson .Paak,5,-6.907,107.018,5iUQMwxUPdJBFeGkePtM66,Dang! (feat. Anderson .Paak),0.556,65,6
65,0.77,Swimming,5wtE5aLX5r7jOosmPhJhhk,2018-08-03,Mac Miller,0.533,0.496,No Feature,6,-9.363,155.158,6dFn6my1sHK2bcf23GlHwM,2009,0.173,66,6
66,0.172,Red Pill Blues (Deluxe),3ThQ5dvf9wlqB0C7evh5nH,2018-06-15,Maroon 5,0.812,0.67,LunchMoney Lewis,5,-4.008,125.087,6wogrqAh1GfVvhgLB8PRRD,Who I Am (feat. LunchMoney Lewis),0.654,67,6
67,0.0774,Money,2dzndQxJbYZAiifNOaz9qB,2017-11-18,Guapdad 4000,0.83,0.759,No Feature,7,-7.717,97.254,6yOeCNWiOLmGZdibUWWwms,Money,0.846,68,6
68,0.367,Camila,2vD3zSQr8hNlg0obNel4TE,2018-01-12,Camila Cabello,0.545,0.458,No Feature,5,-4.6,79.943,7IL3UOlcJ6nmcCMwpnlfcA,Something's Gotta Give,0.164,69,5
69,0.889,Camila,2vD3zSQr8hNlg0obNel4TE,2018-01-12,Camila Cabello,0.455,0.292,No Feature,0,-6.792,84.339,7sTtHHrD0zDpmzQzH3zegz,Consequences,0.43,70,5
70,0.648,1950,5p0UaZsYWMn4L1dSpc6AhN,2018-02-23,King Princess,0.6,0.535,No Feature,4,-7.043,71.912,0CZ8lquoTX2Dkg7Ak2inwA,1950,0.269,71,5
71,0.0203,Jesus Piece (Deluxe),5IBNSiR9VYaGIxOfcOJ2LB,2012-12-11,The Game,0.378,0.691,2 Chainz,10,-5.308,75.162,0LFcFGLYTX6UmeIdO7NVd7,Ali Bomaye,0.226,72,5
72,0.748,Swimming,5wtE5aLX5r7jOosmPhJhhk,2018-08-03,Mac Miller,0.599,0.317,No Feature,1,-11.212,148.09,0Xcy81PsJCOO6mhLZaQyQ4,Perfecto,0.203,73,5
73,0.101,Basement (Feat. Jessie Reyez),2suvROVbQiZoG1H5qgSzPr,2018-04-20,Russ,0.663,0.274,Jessie Reyez,1,-12.068,119.988,2BzWMz80tzdFmVFHuyCMAp,Basement (Feat. Jessie Reyez),0.129,74,4
74,0.141,Yeezus,7D2NdGvBHIavgLhmcwhluK,2013-01-01,Kanye West,0.5,0.593,No Feature,1,-4.34,68.456,4cAgkb0ifwn0FSHGXnr4F6,New Slaves,0.329,75,4
75,0.397,ALL-AMERIKKKAN BADA$$,6swV0WUnPygRIMgEKn6Ige,2017-04-07,Joey Bada$$,0.775,0.707,No Feature,10,-5.339,104.979,7L9g4cPfohScjJ8mGwLQWr,TEMPTATION,0.78,76,4
76,0.611,Lost & Found,3AlSuZnX4ZCab8eoWnnfbm,2018-06-08,Jorja Smith,0.642,0.459,No Feature,2,-6.346,80.19,14qLa09blyCJdkRJRQ8lpV,Tomorrow,0.128,77,4
77,0.0927,Layers,66KCBRiOFSs9bki2A15WlB,2016-11-04,Kungs,0.792,0.717,Cookin' On 3 Burners,0,-4.759,121.985,1A8j067qyiNwQnZT0bzUpZ,This Girl (Kungs Vs. Cookin' On 3 Burners) - Kungs Vs. Cookin' On 3 Burners,0.466,78,4
78,0.609,Camila,2vD3zSQr8hNlg0obNel4TE,2018-01-12,Camila Cabello,0.732,0.436,No Feature,1,-7.409,94.852,4XLu3tTSZiPFVC9mmuR6Zp,All These Years,0.475,79,3
79,0.181,Camila,2vD3zSQr8hNlg0obNel4TE,2018-01-12,Camila Cabello,0.637,0.713,No Feature,0,-4.333,129.923,4eWQlBRaTjPPUlzacqEeoQ,Never Be the Same,0.243,80,3
80,0.794,The Divine Feminine,6f6tko6NWoH00cyFOl4VYQ,2016-09-16,Mac Miller,0.641,0.637,CeeLo Green,3,-9.43,138.869,4k5UZm89ZX0YAHUp55zpt9,We (feat. CeeLo Green),0.601,81,3
81,0.335,11:11 Reset,7AXUeodoVqnIM9vvK5RYgm,2017-10-20,Keyshia Cole,0.474,0.503,No Feature,11,-5.289,180.059,5EMKXzsOCaWZ0wgspNV8C8,Incapable,0.431,82,3
82,0.23,Thriller 25 Super Deluxe Edition,1C2h7mLntPSeVYciMRTF4a,1982-11-30,Michael Jackson,0.888,0.815,No Feature,11,-4.909,127.273,5lA3pwMkBdd24StM90QrNR,P.Y.T. (Pretty Young Thing),0.961,83,3
83,0.00133,ASTROWORLD,41GuZcammIkupMPKH2OJ6I,2018-08-03,Travis Scott,0.461,0.686,No Feature,5,-5.908,147.979,6NMtzpDQBTOfJwMzgMX0zl,SKELETONS,0.263,84,2
84,0.0847,Birds In The Trap Sing McKnight,42WVQWuf1teDysXiOupIZt,2016-09-16,Travis Scott,0.841,0.728,No Feature,7,-3.37,130.049,6gBFPUFcJLzWGx4lenP6h2,goosebumps,0.43,85,2
85,0.0913,The Low End Theory,1p12OAWwudgMqfMzjMvl2a,1991-09-24,A Tribe Called Quest,0.868,0.424,No Feature,7,-14.047,87.614,6zrsmzrMoxNkXEQLubCWtA,Verses from the Abstract,0.755,86,2
86,0.0604,hopeless fountain kingdom (Deluxe),7GjG91tyHQNGEHzKJaqOi0,2017-06-02,Halsey,0.675,0.751,No Feature,0,-3.539,118.384,7y9iMe8SOB6z3NoHE2OfXl,Bad At Love,0.612,87,2
87,0.186,Back Stabbers,09jTPeDoSuJLLAwFGNUKCX,1972,The O'Jays,0.744,0.568,No Feature,0,-9.629,122.657,28285KFbyCq8sJofn58qlD,Love Train,0.687,88,2
88,0.417,Fifty Shades Freed (Original Motion Picture Soundtrack),4w0N1CaZwQ5RPIuawqlYyy,2018-02-09,Jacob Banks,0.69,0.466,Louis The Child,6,-4.812,81.935,2KZybiXVEQExXm2vtAcP8f,Diddy Bop (x Louis The Child),0.28,89,1
89,0.104,A Good Night,2hHh6SaRQhRbeXdQkk4cV9,2018-04-06,John Legend,0.53,0.707,BloodPop®,10,-5.516,109.827,7gevvAspxft2qQmcvJjNBH,A Good Night,0.696,90,1
90,0.637,The Life Of Pablo,7gsWAHLeT0w7es6FofOXk1,2016-06-10,Kanye West,0.596,0.393,No Feature,8,-8.714,107.425,1eQBEelI2NCy7AUTerX0KS,Ultralight Beam,0.36,91,1
91,0.0533,Grateful,3HhZbSJdhOqMSaRbEt3gtw,2017-06-22,DJ Khaled,0.599,0.667,Justin Bieber,7,-4.267,80.984,1jYiIOC5d6soxkJP81fxq2,"I'm the One (feat. Justin Bieber, Quavo, Chance the Rapper & Lil Wayne)",0.817,92,1
92,0.64,Swimming,5wtE5aLX5r7jOosmPhJhhk,2018-08-03,Mac Miller,0.787,0.472,No Feature,6,-10.032,144.998,1oFEAWvPHP5TdSlmIs77sV,Conversation Pt. 1,0.264,93,1
93,0.2,ASTROWORLD,41GuZcammIkupMPKH2OJ6I,2018-08-03,Travis Scott,0.699,0.708,No Feature,10,-5.365,148.054,27a1mYSG5tYg7dmEjWBcmL,CAN'T SAY,0.689,94,0
94,0.00417,The Greatest Story Ever Told,4dlnbBnFH9CE6sbyrPP2aR,2008,David Banner,0.935,0.747,Chris Brown,1,-4.231,117.613,2IBF9lQ9lgVai8LkskI5L7,Get Like Me,0.736,95,0
95,0.695,Classic Male Pregame,5teq0B81xze2ONVXUUJIKO,2015-05-01,Lil Dicky,0.628,0.533,No Feature,2,-6.045,119.869,2Lf9x6sBqdlHwy3odDiILW,Classic Male Pregame,0.365,96,0
96,0.883,?,2Ti79nwTsont5ZHfdxIzAm,2018-03-16,XXXTENTACION,0.61,0.258,No Feature,0,-12.758,127.08,2oe6dDthgthqUkfL3czpEd,"ALONE, PART 3",0.164,97,0
97,0.00449,ASTROWORLD,41GuZcammIkupMPKH2OJ6I,2018-08-03,Travis Scott,0.829,0.705,No Feature,8,-4.232,155.026,2xLMifQCjDGFmkHkpNLD9h,SICKO MODE,0.462,98,0
0,0.569,Liberated,18fTRuJJDlbhrl2SREyuJA,2018-06-08,DeJ Loaf,0.739,0.605,Leon Bridges,10,-3.632,127.0,5OQByVDbs9788HBRIBqgNW,Liberated,0.623,1,19
1,0.0758,Dirty Computer,2PjlaxlMunGOUvcRzlTbtE,2018-04-27,Janelle Monáe,0.922,0.485,Pharrell Williams,1,-7.259,120.156,5Yfq9uugLFchtFymQQWxgt,I Got The Juice (feat. Pharrell Williams),0.395,2,19
2,0.482,KOD,4Wv5UAieM1LDEYVq5WmqDd,2018-04-20,J. Cole,0.829,0.527,No Feature,6,-6.644,116.078,6tZ3b7ik1QDXFAZlXib0YZ,Kevin’s Heart,0.473,3,19
3,0.0959,Red Pill Blues (Deluxe),3ThQ5dvf9wlqB0C7evh5nH,2018-06-15,Maroon 5,0.655,0.603,No Feature,8,-5.014,126.088,6AvfZXpbb6r35DfF7gHPRq,Wait,0.452,4,19
4,0.117,This Is America,7arx9qPJexCsDz67El4qvk,2018-05-06,Childish Gambino,0.854,0.463,No Feature,5,-6.159,120.024,0b9oOr2ZgvyQu88wzixux9,This Is America,0.549,5,19
5,0.0172,St. Elsewhere,7p2aWivr9OLXocSTTKtG9B,2006-05-02,Gnarls Barkley,0.835,0.741,No Feature,8,-1.609,111.963,2N5zMZX7YeL1tico8oQxa9,Crazy,0.612,6,18
6,0.229,Beyond,0Nu4xhj7NxdUiL0eMy9yoQ,2018-04-20,Leon Bridges,0.58,0.687,No Feature,6,-5.4,76.014,5esPpmrM2AsyDVgOKzWQwU,Beyond,0.187,7,18
7,0.0954,ye,5EBGCvO6upi3GNknMVe9x9,2018-06-01,Kanye West,0.572,0.543,PARTYNEXTDOOR,7,-4.251,83.364,6Bg7MznA9X0dIhlAsLyBYj,Ghost Town,0.329,8,18
8,0.0511,Invasion of Privacy,4KdtEKjY3Gi0mKiSdy96ML,2018-04-06,Cardi B,0.968,0.589,Migos,11,-7.808,129.993,2qcG0nZ6S3zZV0UrkY5nFo,Drip (feat. Migos),0.268,9,18
9,0.34,Funk Wav Bounces Vol.1,2HaqChIDc5go3qxVunBDK0,2017-06-30,Calvin Harris,0.784,0.728,Young Thug,0,-4.549,110.165,60APt5N2NRaKWf5xzJdzyC,Heatstroke,0.713,10,18
10,0.172,Red Pill Blues (Deluxe),3ThQ5dvf9wlqB0C7evh5nH,2018-06-15,Maroon 5,0.812,0.67,LunchMoney Lewis,5,-4.008,125.087,6wogrqAh1GfVvhgLB8PRRD,Who I Am (feat. LunchMoney Lewis),0.654,11,17
11,0.883,?,2Ti79nwTsont5ZHfdxIzAm,2018-03-16,XXXTENTACION,0.669,0.308,No Feature,11,-10.068,64.934,7AFASza1mXqntmGtbxXprO,changes,0.52,12,17
12,0.117,Tell Me You Love Me,1FRviekVOpvzz78JYKAUhB,2017-12-08,Galantis,0.762,0.797,Throttle,5,-2.71,122.066,3KTMURvw5Ys3sz1Ksh1S01,Tell Me You Love Me,0.525,13,17
13,0.147,KOD,4Wv5UAieM1LDEYVq5WmqDd,2018-04-20,J. Cole,0.678,0.648,No Feature,2,-5.892,94.336,7EulRO07ZgchxqKUHb8Pvc,1985 - Intro to “The Fall Off”,0.635,14,17
14,0.0313,Came Here for Love,22x1g0NEicPMxuEOXlGUw5,2017-06-09,Sigala,0.708,0.868,Ella Eyre,6,-3.287,124.994,3kGfazcbVvVkuZunzlLgTD,Came Here for Love,0.72,15,17
15,0.0579,Light Poles And Pine Trees,4ZIvx3lm0ytWm06bH8DAwR,2006-01-01,Field Mob,0.931,0.486,Ciara,6,-10.558,120.026,0Uc706myy6Th7I6KQ9xA1x,So What,0.896,16,16
16,0.0155,A Moment Apart,3VzsvmhnUb9OZ59bq2aoNZ,2017-09-08,ODESZA,0.566,0.587,Leon Bridges,6,-5.96,82.046,4YaNLEPw3MrIgkGOkBrAh2,Across The Room (feat. Leon Bridges),0.246,17,16
17,0.784,Naked,7eya0F4XVH0Te1lBMYeXch,2017-11-03,Ella Mai,0.443,0.449,No Feature,9,-6.798,124.797,4E3FwGMzfnpG5TScXYUiaZ,Naked,0.511,18,16
18,0.461,Red Pill Blues (Deluxe),3ThQ5dvf9wlqB0C7evh5nH,2018-06-15,Maroon 5,0.934,0.564,Julia Michaels,11,-4.806,115.092,1Px62X35tayLsX5V1qx1Mb,Help Me Out (with Julia Michaels),0.543,19,16
19,0.229,Good Thing,7J9fifadXb0PPSBWXctbi8,2018-05-04,Leon Bridges,0.781,0.629,No Feature,5,-6.152,111.975,7FxzgizJRGTQ3fxUqfvljg,Bad Bad News,0.693,20,16
20,0.0774,Money,2dzndQxJbYZAiifNOaz9qB,2017-11-18,Guapdad 4000,0.83,0.759,No Feature,7,-7.717,97.254,6yOeCNWiOLmGZdibUWWwms,Money,0.846,21,15
21,0.00826,The Divine Feminine,6f6tko6NWoH00cyFOl4VYQ,2016-09-16,Mac Miller,0.836,0.67,Anderson .Paak,5,-6.907,107.018,5iUQMwxUPdJBFeGkePtM66,Dang! (feat. Anderson .Paak),0.556,22,15
22,0.0489,Creep (The Four Performance),1lo6xWACROyUqm9jqNuaH7,2018-02-09,VINCINT,0.131,0.71,No Feature,10,-5.566,179.359,6x99an9ChMTqfp7HBlx1NC,Creep - The Four Performance,0.143,23,15
23,0.17,This Feeling,2RfscyV7PQywdGaeW6vlsq,2018-02-09,Date Night,0.734,0.818,No Feature,11,-6.177,125.009,3Maee3lpM5h3kvZLXiP4Zg,This Feeling,0.456,24,15
24,0.0788,Red Pill Blues (Deluxe),3ThQ5dvf9wlqB0C7evh5nH,2018-06-15,Maroon 5,0.799,0.597,SZA,5,-5.131,110.001,2j5hsQvApottzvTn4pFJWF,What Lovers Do (feat. SZA),0.419,25,15
25,0.401,KIDS SEE GHOSTS,6pwuKxMUkNg673KETsXPUV,2018-06-08,KIDS SEE GHOSTS,0.729,0.504,No Feature,8,-6.784,110.011,4kUZvXB3LC3an3HX6h0s17,Cudi Montage,0.305,26,14
26,0.335,11:11 Reset,7AXUeodoVqnIM9vvK5RYgm,2017-10-20,Keyshia Cole,0.474,0.503,No Feature,11,-5.289,180.059,5EMKXzsOCaWZ0wgspNV8C8,Incapable,0.431,27,14
27,0.319,Funk Wav Bounces Vol.1,2HaqChIDc5go3qxVunBDK0,2017-06-30,Calvin Harris,0.776,0.589,Kehlani,9,-4.543,120.034,0pJPdSVti6cTM1Q6xYGmcf,Faking It,0.668,28,14
28,0.735,Red Pill Blues (Deluxe),3ThQ5dvf9wlqB0C7evh5nH,2018-06-15,Maroon 5,0.604,0.405,A$AP Rocky,10,-8.279,103.98,6zEOfBb85G0Vaau5skdAUG,Whiskey (feat. A$AP Rocky),0.0861,29,14
29,0.374,ye,5EBGCvO6upi3GNknMVe9x9,2018-06-01,Kanye West,0.665,0.417,No Feature,1,-6.731,110.111,2VYb3Fb5iK5Y8HGZ8oEEkp,Violent Crimes,0.04,30,14
30,0.0252,Painting Pictures,5mG8oNkNKM2my7t9ywra96,2017-03-31,Kodak Black,0.806,0.77,No Feature,1,-6.464,152.094,0bXFIF7iL17TYLyx8JHziM,Patty Cake,0.406,31,13
31,0.339,KIDS SEE GHOSTS,6pwuKxMUkNg673KETsXPUV,2018-06-08,KIDS SEE GHOSTS,0.585,0.597,No Feature,0,-7.499,100.051,4RVbK6cV0VqWdpCDcx3hiT,Reborn,0.227,32,13
32,0.132,Dirty Computer,2PjlaxlMunGOUvcRzlTbtE,2018-04-27,Janelle Monáe,0.859,0.413,No Feature,1,-7.399,115.035,5gW5dSy3vXJxgzma4rQuzH,Make Me Feel,0.697,33,13
33,0.00185,Art Angels,5hB4jVN4ZHpubyiMmW81K1,2015-11-06,Grimes,0.468,0.647,No Feature,6,-7.966,203.86,3zxqTbepxLQesm41y2NoE4,California,0.466,34,13
34,0.0914,Brooklyn In The Summer,2e2K7qbaFSqnBQWvYmgS4L,2018-05-11,Aloe Blacc,0.656,0.514,No Feature,5,-5.27,120.073,5bTysxqGHXdSGiZVgljzCY,Brooklyn In The Summer,0.818,35,12
35,0.824,K.T.S.E.,0mwf6u9KVhZDCNVyIi6JuU,2018-06-23,Teyana Taylor,0.696,0.463,Kanye West,7,-8.562,81.35,6NqbN00vLmWfrQSx2wjD4z,Hurry,0.53,36,12
36,0.0381,Tremaine The Album,5gQtvMHA7yqdzKXrHpe63C,2017-03-24,Trey Songz,0.708,0.612,No Feature,5,-6.379,139.913,1HOUzEsetdIPSpAgRPhZQt,Nobody Else But You,0.263,37,12
37,0.196,Nomads,2sm41lIWrHo6G5tkcKmcRA,2016-11-25,No Wyld,0.823,0.442,No Feature,6,-8.664,99.995,0CV8u1K2Q4nhBvqqTWykw4,Grown Up,0.319,38,12
38,0.0591,V,2Auw0pTT6EcQdvHNimhLQI,2015-05-15,Maroon 5,0.748,0.788,No Feature,1,-7.055,120.076,2iuZJX9X9P0GKaE93xcPjk,Sugar,0.884,39,12
39,0.611,Lost & Found,3AlSuZnX4ZCab8eoWnnfbm,2018-06-08,Jorja Smith,0.642,0.459,No Feature,2,-6.346,80.19,14qLa09blyCJdkRJRQ8lpV,Tomorrow,0.128,40,11
40,0.648,1950,5p0UaZsYWMn4L1dSpc6AhN,2018-02-23,King Princess,0.6,0.535,No Feature,4,-7.043,71.912,0CZ8lquoTX2Dkg7Ak2inwA,1950,0.269,41,11
41,0.222,SYRE,4IFpj2jyRcugt1yzH82m3E,2017-11-17,Jaden Smith,0.786,0.82,No Feature,9,-5.093,119.982,22nyEAEM29tcBRhukR089b,Icon,0.49,42,11
42,0.0729,Justified,6QPkyl04rXwTGlGlcYaRoW,2002-11-04,Justin Timberlake,0.841,0.629,No Feature,1,-5.351,97.963,0aj2QKJvz6CePykmlTApiD,Señorita,0.87,43,11
43,0.085,Get The Fuck Off My Dick,0wF7e3QCjqx2eACY1eMP0Z,2018-03-09,Vince Staples,0.925,0.725,No Feature,0,-5.932,133.007,2jdAqci2mLt0Njv8euSZWS,Get The Fuck Off My Dick,0.479,44,11
44,0.0401,808s & Heartbreak,3WFTGIO6E3Xh4paEOBY9OU,2008-01-01,Kanye West,0.789,0.65,No Feature,10,-6.16,87.983,4EWCNWgDS8707fNSZ1oaA5,Heartless,0.617,45,10
45,0.397,ALL-AMERIKKKAN BADA$$,6swV0WUnPygRIMgEKn6Ige,2017-04-07,Joey Bada$$,0.775,0.707,No Feature,10,-5.339,104.979,7L9g4cPfohScjJ8mGwLQWr,TEMPTATION,0.78,46,10
46,0.229,Bet Ain't Worth the Hand / Bad Bad News,7Csuf8rJjBOP4GK11pPCw7,2018-03-13,Leon Bridges,0.781,0.629,No Feature,5,-6.152,111.975,5CDrDzan4wRW3Dj4LD6meH,Bad Bad News,0.693,47,10
47,0.0381,Hear No Evil,3tocsl73xCimRlSDuzFdG5,2018-04-13,Young Thug,0.901,0.472,Nicki Minaj,11,-8.416,120.0,5I30ByMf5nhgbSokY1EZiN,Anybody (feat. Nicki Minaj),0.479,48,10
48,0.324,Good Thing,7J9fifadXb0PPSBWXctbi8,2018-05-04,Leon Bridges,0.73,0.68,No Feature,4,-4.886,109.576,1sfTdlWfcFdI7NfmcfZPii,Forgive You,0.452,49,10
49,0.445,Summertime '06,4Csoz10NhNJOrCTUoPBdUD,2015-06-30,Vince Staples,0.915,0.54,No Feature,7,-6.578,100.039,4uQ7wYsuL0DryknoDc11Hk,Norf Norf,0.111,50,9
50,0.157,Foreplay,3ifnNbTrSkE9fdAQFyftu8,2016-07-07,Jalen Santoy,0.486,0.417,No Feature,5,-6.259,173.887,4mfhaU5jVlmb3IXEp1la9V,Foreplay,0.571,51,9
51,0.653,Only The Poets Mixtape (Vol. 1),2KjK2W2EFrzLF3iTRWnKlJ,2014-07-29,Marc E. Bassy,0.738,0.443,Kehlani,5,-9.614,127.084,6uT9XRrPvimLt62FNjMNBv,Lock It Up (feat. Kehlani),0.687,52,9
52,0.277,Bluebird of Happiness,4sqPEelEOjHVrGQXF2XkLB,2017-09-29,Tamar Braxton,0.866,0.588,Yo Gotti,0,-4.406,140.07,1FnJGm1oFfs927ppj4deHe,Hol' Up (feat. Yo Gotti),0.891,53,9
53,0.343,Red Pill Blues (Deluxe),3ThQ5dvf9wlqB0C7evh5nH,2018-06-15,Maroon 5,0.783,0.61,Kendrick Lamar,7,-6.124,100.047,1nueTG77MzNkJTKQ0ZdGzT,Don't Wanna Know (feat. Kendrick Lamar),0.418,54,9
54,0.535,If You're Reading This It's Too Late,0ptlfJfwGTy0Yvrk14JK1I,2015-02-12,Drake,0.827,0.477,No Feature,7,-10.408,95.03,2durxb17bXcmQJHSt8JAdO,No Tellin',0.558,55,8
55,0.22,LONG.LIVE.A$AP (Deluxe Version),1E1eyI5uGllppJZCxNoF9w,2013-01-11,A$AP Rocky,0.68,0.843,No Feature,1,-4.919,81.958,4go2hxLM6ijk0K76ZY0Nhd,Goldie,0.743,56,8
56,0.0312,Chill Bill,5qBu7Ab6alstSCAzxTJMb1,2016-06-17,Rob $tone,0.886,0.427,J. Davi$,6,-10.028,108.034,5uDASfU19gDxSjW8cnCaBp,Chill Bill,0.23,57,8
57,0.101,Basement (Feat. Jessie Reyez),2suvROVbQiZoG1H5qgSzPr,2018-04-20,Russ,0.663,0.274,Jessie Reyez,1,-12.068,119.988,2BzWMz80tzdFmVFHuyCMAp,Basement (Feat. Jessie Reyez),0.129,58,8
58,0.229,Good Thing,7J9fifadXb0PPSBWXctbi8,2018-05-04,Leon Bridges,0.58,0.687,No Feature,6,-5.4,76.014,1Omt5bfz1tZUCqd26HxbS0,Beyond,0.187,59,8
59,0.474,Know Myself,3yQsZtQbpsk62l4Yq5pjIK,2018-02-14,Justine Skye,0.776,0.5,Vory,5,-7.451,100.055,0d8anwJJGti8jE79Y4tXUD,Know Myself,0.544,60,7
60,0.00417,The Greatest Story Ever Told,4dlnbBnFH9CE6sbyrPP2aR,2008,David Banner,0.935,0.747,Chris Brown,1,-4.231,117.613,2IBF9lQ9lgVai8LkskI5L7,Get Like Me,0.736,61,7
61,0.19,If You're Reading This It's Too Late,0ptlfJfwGTy0Yvrk14JK1I,2015-02-12,Drake,0.735,0.41,No Feature,11,-8.735,114.812,5InOp6q2vvx0fShv3bzFLZ,Know Yourself,0.164,62,7
62,0.278,KIDS SEE GHOSTS,6pwuKxMUkNg673KETsXPUV,2018-06-08,KIDS SEE GHOSTS,0.765,0.542,Louis Prima,1,-6.755,171.945,6JyEh4kl9DLwmSAoNDRn5b,4th Dimension,0.734,63,7
63,0.443,Good Nights (feat. Mascolo),59BiRraz8tTC4tKKRnZfNj,2017-06-27,Whethan,0.849,0.483,Mascolo,6,-7.114,101.015,36fRbuu9QkKVDR1j7jTI2U,Good Nights (feat. Mascolo),0.282,64,7
64,0.0604,hopeless fountain kingdom (Deluxe),7GjG91tyHQNGEHzKJaqOi0,2017-06-02,Halsey,0.675,0.751,No Feature,0,-3.539,118.384,7y9iMe8SOB6z3NoHE2OfXl,Bad At Love,0.612,65,6
65,0.000545,Dorrough Music,6GG7TFAVC33jIllZhkoyYn,2009-07-24,Dorrough Music,0.849,0.59,No Feature,0,-8.367,180.026,3lwMGZ9M5Gq4usaZZLV4NK,Ice Cream Paint Job,0.656,66,6
66,0.00589,To Pimp A Butterfly,7ycBtnsMtyVbbwTfJwRjSP,2015-03-16,Kendrick Lamar,0.884,0.657,No Feature,6,-4.569,107.059,0N3W5peJUQtI4eyR6GJT5O,King Kunta,0.489,67,6
67,0.339,Light of Mine,2c1ipXPsfn6ylm6PrQNuDU,2018-05-18,KYLE,0.689,0.584,Kehlani,1,-5.768,156.572,4F1yvJfQ7gJkrcgFJQDjOr,Playinwitme (feat. Kehlani),0.676,68,6
68,0.0717,ANTI,3Q149ZH46Z0f3oDR7vlDYV,2016-01-28,Rihanna,0.509,0.637,No Feature,4,-4.83,172.006,2aksifNn5ph8igDOkPBA02,Love On The Brain,0.378,69,5
69,0.0323,Dirty Computer,2PjlaxlMunGOUvcRzlTbtE,2018-04-27,Janelle Monáe,0.482,0.453,No Feature,0,-8.864,134.799,2EznBGrlmx9wBeYgyDojsA,I Like That,0.17,70,5
70,0.0536,The Best of Nelly Furtado (Deluxe),0KuwW8qW9a0oKhuxydvMvk,2010-01-01,Nelly Furtado,0.807,0.97,Timbaland,10,-6.056,114.297,3SwlakM6VX47IwG0Wll5ek,Promiscuous,0.876,71,5
71,0.0332,Scorpion,1ATL5GLyefJaxhQzSPVrLX,2018-06-29,Drake,0.754,0.449,No Feature,7,-9.211,77.169,6DCZcSspjsKoFjzjrWoCdn,God's Plan,0.357,72,5
72,0.0274,BUSH,3UesepjW7Scwi8DV62Qqyn,2015-05-06,Snoop Dogg,0.832,0.756,Charlie Wilson,0,-5.332,110.034,4lcpWCMFXNhvqNIQhB6yDv,Peaches N Cream,0.282,73,5
73,0.184,Camila,2vD3zSQr8hNlg0obNel4TE,2018-01-12,Camila Cabello,0.765,0.523,Young Thug,2,-4.333,104.988,1rfofaqEpACxVEHIZBJe6W,Havana,0.394,74,4
74,0.0393,The Miseducation of Lauryn Hill,1BZoqf8Zje5nGdwZhOjAtD,1998-08-25,Ms. Lauryn Hill,0.535,0.505,No Feature,2,-8.926,99.935,0uEp9E98JB5awlA084uaIg,Doo Wop (That Thing),0.495,75,4
75,0.484,Big Fish Theory,5h3WJG0aZjNOrayFu3MhCS,2017-06-23,Vince Staples,0.898,0.547,No Feature,3,-5.707,100.01,6eL1ncVDtQHgSm3E288TS7,Big Fish,0.763,76,4
76,0.104,I'm Brain,0YJa6VrbPC1cOqWc2h4X5S,2017-09-14,Brain,0.887,0.745,Lil Dicky,11,-3.428,123.031,1cURnGaH9mR7YM8SsJHZeS,How Can U Sleep (feat. Lil Dicky & The Game),0.249,77,4
77,0.0026,HAIZ,1ABRc0UFHY3x6rKQeFBTQ0,2016-02-26,Hailee Steinfeld,0.617,0.759,No Feature,0,-6.785,122.925,36phXHOKx8rO7CMp2vNX4x,Love Myself,0.324,78,4
78,0.0306,Project Baby 2,51wp3EOOp2mBIjhZjR7W0i,2017-08-18,Kodak Black,0.747,0.524,XXXTENTACION,10,-6.807,140.053,40oKW22ZNNkEdZLJTScaQI,Roll In Peace (feat. XXXTENTACION),0.363,79,3
79,0.0391,Popstar: Never Stop Never Stopping,07fcZXkBS0y4Y80GT60PZq,2016-06-03,The Lonely Island,0.769,0.768,Adam Levine,9,-4.709,140.979,39F08AoluLGQ9F1J2bO4Pn,I’m So Humble,0.797,80,3
80,0.239,Summer: The Original Hits,2TNGyJVlzMUsD5mry6qsw2,2018-04-20,Donna Summer,0.691,0.934,Brooklyn Dreams,8,-3.993,131.969,3AUbB5IqApnPB033aJ3Fbo,Heaven Knows,0.735,81,3
81,0.161,Red Pill Blues (Deluxe),3ThQ5dvf9wlqB0C7evh5nH,2018-06-15,Maroon 5,0.781,0.628,No Feature,1,-5.34,117.992,37L9lpOweL2PcMWtFhF8Ce,Denim Jacket,0.288,82,3
82,0.239,Lil Pump,2VVvm4zJlUQm9XmBCvGN6z,2017-10-06,Lil Pump,0.936,0.523,No Feature,5,-6.71,119.889,43ZyHQITOjhciSUUNPVRHc,Gucci Gang,0.699,83,3
83,0.0533,Grateful,3HhZbSJdhOqMSaRbEt3gtw,2017-06-22,DJ Khaled,0.599,0.667,Justin Bieber,7,-4.267,80.984,1jYiIOC5d6soxkJP81fxq2,"I'm the One (feat. Justin Bieber, Quavo, Chance the Rapper & Lil Wayne)",0.817,84,2
84,0.393,True to Self,7nn2Iaphg0Vc1NCGULkhVo,2017-05-26,Bryson Tiller,0.646,0.756,No Feature,9,-9.017,193.881,5GG3knKdxKWrNboRijxeKF,Run Me Dry,0.596,85,2
85,0.147,Freaky Friday (feat. Chris Brown),1XbNDGybI1iPfeQNJEeUdn,2018-03-15,Lil Dicky,0.755,0.599,Chris Brown,8,-5.042,133.123,10Igtw8bSDyyFs7KIsKngZ,Freaky Friday (feat. Chris Brown),0.755,86,2
86,0.145,ye,5EBGCvO6upi3GNknMVe9x9,2018-06-01,Kanye West,0.676,0.777,No Feature,1,-3.241,173.931,2r4JRwcbIeuAzWjH4YXlLs,Yikes,0.226,87,2
87,0.0491,Face Your Fear,3Can2qB9S1pOcElpkfExB1,2017-10-27,Curtis Harding,0.713,0.8,No Feature,7,-5.938,139.942,3zYQ1KXzqBWRsxIqdVMoYF,Need Your Love,0.814,88,2
88,0.00556,The Thrill Of It All (Special Edition),3XftSbguntyRTBQaGItmfK,2017-11-03,Sam Smith,0.517,0.648,No Feature,5,-7.692,169.745,7HwcH5CiJzuUzspuOqOJQa,"Baby, You Make Me Crazy",0.541,89,1
89,0.00406,B.E.D. (Remix),1ABPbYBkc9qOAS4JSLDNIS,2017-09-01,Jacquees,0.711,0.492,Ty Dolla $ign,1,-8.528,122.009,5oFK0dJQ5auokDaVYY228m,B.E.D. - Remix,0.409,90,1
90,0.124,Late Nights: The Album,7DMyQuDPe8xzjC0UDSDa96,2015-12-04,Jeremih,0.802,0.412,Ty Dolla $ign,5,-5.963,89.546,3WjyiSbfR74pjWXQ3IaFKJ,Impatient,0.394,91,1
91,0.36,Bluebird of Happiness,4sqPEelEOjHVrGQXF2XkLB,2017-09-29,Tamar Braxton,0.359,0.54,No Feature,9,-4.715,181.429,0lTKZQUJ7e5qMJCAbXrmyn,Blind,0.351,92,1
92,0.015,Grateful,3HhZbSJdhOqMSaRbEt3gtw,2017-06-22,DJ Khaled,0.652,0.827,Calvin Harris,7,-3.98,100.011,6LOCAhFzZiavHcLJucLuDy,Don't Quit (feat. Travis Scott & Jeremih),0.659,93,1
93,0.205,I Don't Mind,5BAqg5IJQ7XFKfdoCiOlJw,2014-11-21,Usher,0.87,0.464,Juicy J,4,-8.337,112.974,7aXuop4Qambx5Oi3ynsKQr,I Don't Mind,0.457,94,0
94,0.674,Late Nights: The Album,7DMyQuDPe8xzjC0UDSDa96,2015-12-04,Jeremih,0.65,0.557,J. Cole,1,-7.762,129.285,08zJpaUQVi9FrKv2e32Bah,Planez,0.4,95,0
95,0.33,AT.LONG.LAST.A$AP,3arNdjotCvtiiLFfjKngMc,2015-05-26,A$AP Rocky,0.653,0.71,No Feature,8,-8.444,122.044,3I8MbKRkS2IBDuslhCS3iT,Excuse Me,0.409,96,0
96,0.129,The Lady Killer,3MXU6UoWrf4w4bOvjZTlvY,2010-11-09,CeeLo Green,0.69,0.834,No Feature,0,-5.79,127.43,4ycLiPVzE5KamivXrAzGFG,Fuck You,0.738,97,0
97,0.17,Good For You,3lajefIuUk4SfzqVBSJy8p,2017-07-28,Aminé,0.941,0.335,No Feature,5,-10.179,120.041,5hTpBe8h35rJ67eAWHQsJx,Caroline,0.707,98,0
